<?xml version="1.0" encoding="UTF-8"?>
<project-private xmlns="http://www.netbeans.org/ns/project-private/1">
    <editor-bookmarks xmlns="http://www.netbeans.org/ns/editor-bookmarks/2" lastBookmarkId="0"/>
    <open-files xmlns="http://www.netbeans.org/ns/projectui-open-files/2">
        <group>
            <file>file:/C:/Users/Octet/Documents/NetBeansProjects/assignment2_server_16058989/src/java/nz/ac/massey/cs/webtech/ass2/s_16058989/server/PossibleMoves.java</file>
            <file>file:/C:/Users/Octet/Documents/NetBeansProjects/assignment2_server_16058989/src/java/nz/ac/massey/cs/webtech/ass2/s_16058989/server/Vector.java</file>
            <file>file:/C:/Users/Octet/Documents/NetBeansProjects/assignment2_server_16058989/src/java/nz/ac/massey/cs/webtech/ass2/s_16058989/server/Winner.java</file>
            <file>file:/C:/Users/Octet/Documents/NetBeansProjects/assignment2_server_16058989/src/java/nz/ac/massey/cs/webtech/ass2/s_16058989/server/State.java</file>
            <file>file:/C:/Users/Octet/Documents/NetBeansProjects/assignment2_server_16058989/src/java/nz/ac/massey/cs/webtech/ass2/s_16058989/server/Start.java</file>
            <file>file:/C:/Users/Octet/Documents/NetBeansProjects/assignment2_server_16058989/src/java/nz/ac/massey/cs/webtech/ass2/s_16058989/server/Board.java</file>
            <file>file:/C:/Users/Octet/Documents/NetBeansProjects/assignment2_server_16058989/src/java/nz/ac/massey/cs/webtech/ass2/s_16058989/server/Move.java</file>
        </group>
    </open-files>
</project-private>
